[
   {
      "question_id":1,
      "question_prequel":"En s'appuyant sur les données suivantes, choisissez l’élément qui a l’Indice de Performance de Délai (SPI) le plus bas ",
      "feedback":"PMBOK page 260-265, section 7.4.2.2 et figure 7-12 ; SPI = EV/PV. 1 = 1 ; 2 = 7/9 soit 0,77 ; 3 = 1 ; 4 = 5/7 soit 0,71",
      "possibilities":[
         "Elément 1",
         "Elément 2",
         "Elément 3",
         "Elément 4"
      ]
   },
   {
      "question_id":2,
      "question_prequel":"En s’appuyant sur les données suivantes, choisissez l’élément qui est le plus en dépassement budgétaire :  ",
      "feedback":"PMBOK page 260-265, section 7.4.2.2 et figure 7-12 ; CV = EV-AC. 1 = -1000 ; 2 = -1000 ; 3 = 0 ; 4 = -2000",
      "possibilities":[
         "Elément 1",
         "Elément 2",
         "Elément 3",
         "Elément 4"
      ]
   },
   {
      "question_id":3,
      "question_prequel":"Si PV = 100, EV = 98 et AC = 104, le projet : ",
      "feedback":"PMBOK page 263, section 7.4.2.2 et figure 7-12 ; CV = EV-AC = 98 – 104 = -6 En dépassement de coût SV = EV-PV = 98-100 = -2. En retard",
      "possibilities":[
         "Est en avance sur le calendrier",
         "Est en dépassement de coût",
         "Se déroule conformément aux projections",
         "S’achèvera sans avoir utilisé l’intégralité du budget"
      ]
   },
   {
      "question_id":4,
      "question_prequel":"Dans le mangement de la Valeur Acquise (EVM), l’écart de coût (CV) se calcule comme suit : ",
      "feedback":"PMBOK page 262, section 7.4.2.2 ; CV = EV-AC",
      "possibilities":[
         "EV-PV",
         "EV-AC",
         "AC-EV",
         "PV-EV"
      ]
   },
   {
      "question_id":5,
      "question_prequel":"En prenant les données cumulatives suivantes - BAC = 200, PV = 100, AC = 120 & EV = 80 - et en supposant que le travail futur sera réalisé avec un rendement basé à la fois sur l’Indice de Performance de Délai (SPI) et sur l’Indice de Performance de Coût (CPI), le Coût Final Estimé (EAC) est :  345",
      "feedback":"PMBOK page 265, section 7.4.2.2 ; EAC = AC + (BAC-EV)/(CPIxSPI) = CPI = EV/AC = 0,67 SPI = EV/PV = 0,8 = 120 + 120/0,536 = 344",
      "possibilities":[
         "250",
         "300",
         "350",
         "345"
      ]
   },
   {
      "question_id":6,
      "question_prequel":"En prenant les données cumulatives suivantes - BAC = 200, PV = 100, AC = 120 & EV = 80 – calculez l’Indice de Performance à Terminaison du projet (TCPI) vous permettant de terminer votre projet en respectant le budget initial (BAC) comme demandé par le sponsor du projet : ",
      "feedback":"PMBOK page 266, section 7.4.2.3 et page 268, Table 7-13 et page 267, table 7-1. TCPI = (BAC – EV) / (BAC – AC) = 120 / 80 = 1,5",
      "possibilities":[
         "0,67",
         "1",
         "1,5",
         "2"
      ]
   },
   {
      "question_id":7,
      "question_prequel":"En prenant les données cumulatives suivantes - BAC = 200, PV = 100, AC = 120 & EV = 80 - et en supposant que le travail futur sera réalisé selon la performance initiale prévue, le Reste à Faire (ETC) est : ",
      "feedback":"PMBOK page 265, section 7.4.2.2 et page 267, Table 7-1 ; EAC = ETC + AC donc ETC = EAC – AC = 240 - 120 = 120",
      "possibilities":[
         "120",
         "140",
         "180",
         "200"
      ]
   },
   {
      "question_id":8,
      "question_prequel":"En prenant les données cumulatives suivantes - BAC = 200, PV = 100, AC = 120 & EV = 80 - et en supposant que le travail futur sera réalisé selon la performance réalisée jusqu’à maintenant, l’écart à Terminaison (VAC) est : ",
      "feedback":"PMBOK page 265, section 7.4.2.2 et page 267, Table 7-1 ; VAC = BAC - EAC = 200 - 300 = -100",
      "possibilities":[
         "- 80",
         "-100",
         "+100",
         "+200"
      ]
   },
   {
      "question_id":9,
      "question_prequel":"En prenant les données cumulatives suivantes - BAC = 200, PV = 100, AC = 120 & EV = 80 - et en supposant que le travail futur sera réalisé selon la performance réalisée jusqu’à maintenant, le Coût Final Estimé (EAC) est : ",
      "feedback":"PMBOK page 264-265, section 7.4.2.2 ; EAC = BAC/CPI = 200/(2/3) = 2003/2 = 300 = avec CPI = EV/AC = 80/120 = 2/3 ",
      "possibilities":[
         "300",
         "325",
         "350",
         "375"
      ]
   },
   {
      "question_id":10,
      "question_prequel":"En prenant les données cumulatives suivantes - BAC = 200, PV = 100, AC = 120 & EV = 80 - et en supposant que le travail futur sera réalisé selon la performance initialement prévue (taux budgété), le Coût Final Estimé (EAC) est : ",
      "feedback":"PMBOK page 265, section 7.4.2.2 EAC = AC + (BAC – EV) = 120 + (200 – 80) = 240 ou EAC = BAC - CV = 200 + 40 = 240 avec CV = EV-AC = 80-120 = -40",
      "possibilities":[
         "200",
         "220",
         "240",
         "260"
      ]
   },
   {
      "question_id":11,
      "question_prequel":"L’Estimation paramétrique comporte : ",
      "feedback":"",
      "possibilities":[
         "Définir les paramètres de coût ou de durée du cycle de vie du projet",
         "Calculer l’estimation individuel des coûts pour chaque lot de travail et les consolider pour obtenir le coût total du projet",
         "Une relation statistique entre les données historiques et d’autres variables (par exemple la superficie de construction en mètres carrés)",
         "Utiliser le coût réel d’un projet similaire passé pour estimer le coût du projet en question "
      ]
   },
   {
      "question_id":12,
      "question_prequel":"Estimer le coût d’une activité comporte toutes les catégories de ressource suivantes, SAUF : ",
      "feedback":"",
      "possibilities":[
         "Main d’œuvre",
         "Matériel",
         "Equipement",
         "Temps "
      ]
   },
   {
      "question_id":13,
      "question_prequel":"Le Plan de Gestion des Coûts a les caractéristiques suivantes, SAUF :",
      "feedback":"PMBOK page 231 et page 231. Figure 7-1",
      "possibilities":[
         "Il est basé sur l’estimation des coûts du projet et est séparé du Plan de Management de Projet",
         "Il peut préciser des seuils de maîtrise ou d’écart des coûts",
         "Il peut préciser le niveau d’exactitude requis pour l’estimation des coûts",
         "Il décrit comment les coûts du projet vont être planifiés, structurés et maîtrisés"
      ]
   },
   {
      "question_id":14,
      "question_prequel":"La gestion des coûts du projet comporte tous les processus suivants, SAUF :",
      "feedback":"PMBOK page 231 et page 231. Figure 7-1",
      "possibilities":[
         "Planifier la Gestion des Coûts",
         "Elaborer les coûts des ressources",
         "Déterminer le budget",
         "Maîtriser les coûts "
      ]
   },
   {
      "question_id":15,
      "question_prequel":"Quel énoncé est faux à propos des provisions pour imprévus ? ",
      "feedback":"",
      "possibilities":[
         "  Sont un montant budgété pour les modifications non planifiées",
         "  Font partie de la référence de base des coûts du projet",
         "  Appelées parfois les inconnues",
         "  Peuvent être intégrées au budget total du projet "
      ]
   },
   {
      "question_id":16,
      "question_prequel":"Pour déterminer la validité de l’estimation du coût du projet, il est essentiel de s’assurer que :",
      "feedback":"",
      "possibilities":[
         "  La base servant à la préparation de l’estimation est également valide",
         "  Le but de l’estimation est complètement compris",
         "  La base de l’estimation est suffisamment documentée",
         "ce qui précède"
      ]
   },
   {
      "question_id":17,
      "question_prequel":"Vous cherchez à évaluer la grandeur de la variation de la Référence de Base des Coûts et essayez de déterminer si une action corrective ou préventive est requise. Vous êtes impliqué dans :",
      "feedback":"",
      "possibilities":[
         "Analyse des rétroactions",
         "Analyse des écarts",
         "Revue de Performance",
         "Prévision"
      ]
   },
   {
      "question_id":18,
      "question_prequel":"En cas d’utilisation de la technique de la valeur acquise pour mesurer les performances du projet, quelles sont les trois principales valeurs calculées pour chaque activité ? ",
      "feedback":"",
      "possibilities":[
         "   PV, AC et EV",
         "   EV, CV et SV",
         "   AC, CPI et SPI",
         "   CV, SV et AC"
      ]
   },
   {
      "question_id":19,
      "question_prequel":"Avec PV = 10 000 €, AC = 12 000 € et EV = 9 000, le projet est : ",
      "feedback":"",
      "possibilities":[
         "En avance sur le budget et en retard sur l’échéancier ",
         "En avance sur l’échéancier ",
         "En retard sur l’échéancier ",
         "En retard sur le budget et en avance sur l’échéancier"
      ]
   },
   {
      "question_id":20,
      "question_prequel":"L’analyse des offres est : ",
      "feedback":"",
      "possibilities":[
         "Une technique utilisée pour déterminer le budget",
         "Utilisée pour maîtriser les coûts ",
         "Utilisée dans le management de la valeur acquise ",
         "Une technique utilisée pour estimer les coûts"
      ]
   },
   {
      "question_id":21,
      "question_prequel":"Avec PV = 10 000 €, AC = 12 000 € et EV = 9 000 €, Le projet est : ",
      "feedback":"",
      "possibilities":[
         "En retard sur l’échéancier et en dépassement budgétaire",
         "En avance sur l’échéancier et en dépassement budgétaire ",
         "En avance sur l’échéancier et le budget",
         "En retard sur l’échéancier et en avance sur le budget "
      ]
   },
   {
      "question_id":22,
      "question_prequel":"La référence de base de performance des coûts est : ",
      "feedback":"",
      "possibilities":[
         "La somme des budgets approuvés et échelonnés",
         "Le coût total estimé du projet ",
         "Le total des fonds requis pour mener à bien le projet ",
         "La réserve du budget et provisions pour aléas"
      ]
   },
   {
      "question_id":23,
      "question_prequel":"Avec PV = 10 000 €, AC = 12 000 € et EV = 9 000 €, l’écart de délai (SV) et l’indice de performance de coûts (CPI) sont égaux à : ",
      "feedback":"",
      "possibilities":[
         "−1 000 € and ,9",
         "−1 000€ and ,75",
         "−3 000€ and ,75",
         "1 000€ and ,9"
      ]
   },
   {
      "question_id":24,
      "question_prequel":"Tout ce qui suit est vrai à propos du Plan de Gestion des Coûts, sauf :",
      "feedback":"",
      "possibilities":[
         "Permet la mise en place de la valeur acquise",
         "Est la donnée de sortie du processus Planifier la gestion des coûts",
         "N’intègre jamais les délais de récupération des investissements",
         "À la fois A et B"
      ]
   },
   {
      "question_id":25,
      "question_prequel":"Vous venez d’élaborer une estimation de coût en vous basant sur le coût réel de projets passés similaires. Cette forme d’estimation est appelée :",
      "feedback":"",
      "possibilities":[
         "Paramétrique ",
         "Ascendante",
         "Analogie",
         "Simulation"
      ]
   },
   {
      "question_id":26,
      "question_prequel":"Vous analysez le format et les critères de planification, d’estimation et de maîtrise des coûts. Vous documentez les niveaux de précision, les seuils de maîtrise, les règles de mesure de performance et d’autres informations. Le produit du travail que vous réalisez est : ",
      "feedback":"",
      "possibilities":[
         "Plan de compte de contrôle",
         "Budget du projet",
         "Plan de Gestion des Coûts",
         "Référence de base des coûts"
      ]
   },
   {
      "question_id":27,
      "question_prequel":"En s’appuyant sur les notions de Coût Budgété (CB), de Travail Prévu (TP), de Coût Réel (CR) et de Travail Effectué (TE), quelle réponse correspond à, dans cet ordre, EV, PV et AC : ",
      "feedback":": CBTP = PV, CBTE = EV, CRTE = AC",
      "possibilities":[
         "CBTE, CRTE et CBTP",
         "CBTP, CBTE et CRTE",
         "CBTE, CBTP et CRTE",
         "CBVA, CBVP et CRTE"
      ]
   },
   {
      "question_id":28,
      "question_prequel":"La manière la plus usuelle de prévoir le Coût Final Estimé (EAC) est une approche manuelle, une somme ascendante réalisée par le chef de projet et son équipe. L’équation la plus appropriée dans ce cas est :",
      "feedback":"",
      "possibilities":[
         "BAC – ETC + PV",
         "AC + ascendant ETC",
         "AC + ascendant BAC – PV ",
         "AC + ascendant EV "
      ]
   },
   {
      "question_id":29,
      "question_prequel":"La performance de votre projet est inférieure aux prévisions de manière récurrente. Vous considérez que sa performance risque de continuer au même taux dans le futur. La formule MVA la plus adaptée pour calculer le nouveau CFE (EAC) est : ",
      "feedback":"",
      "possibilities":[
         "AC + ETC",
         "AC + BAC – EV",
         "AC + ((BAC – EV)/(CPI × SPI))",
         "AC + ((BAC – EV)/CPI)"
      ]
   },
   {
      "question_id":30,
      "question_prequel":"En tant que certifié PMP vous avez étudié la pratique standard de la gestion de la valeur acquise (EVM) et vous en connaissez les principes. Un de ces principes est l’établissement d’une référence de base de performance des coûts. Tout ce qui suit est recommandé par le standard, sauf : ",
      "feedback":"PMBOK page 239 : Règle de mesure de performance",
      "possibilities":[
         "   Mesurer l’avancement calendaire des tâches",
         "   Décomposer le travail via la WBS et définir les centres de consolidation",
         "   Spécifier les méthodologies de suivi et les formules de calcul de l’EVM afin d’établir des prévisions du coût estimé à terminaison",
         "   Sélectionner les techniques de gestion de la valeur acquise qui seront utilisées sur le projet"
      ]
   },
   {
      "question_id":31,
      "question_prequel":"Tout ce qui suit sont des données de sortie de Maitriser les coûts, sauf :",
      "feedback":"",
      "possibilities":[
         "Mise à jour des documents du projet",
         "Référence de base de performance des coûts",
         "Prévisions budgétaires",
         "Mesures de performance du travail "
      ]
   },
   {
      "question_id":32,
      "question_prequel":"En tant que responsable de projet, vous contrôlez réellement les coûts de vos projets. Le management de la valeur acquise (VA) a montré que votre projet présente des écarts significatifs qui se poursuivront probablement. Vous êtes en train de prévoir les nouveaux coûts probables de votre projet. La meilleure formule de Management de la VA à appliquer dans ce cas serait : ",
      "feedback":"",
      "possibilities":[
         "   AC + ETC",
         "   AC + ((BAC – EV) / (CPI x SPI))",
         "   AC + BAC – EV",
         "   AC + (ETC x CPI)"
      ]
   },
   {
      "question_id":33,
      "question_prequel":"Vous avez prévu de dépenser 200 000 € pour un travail qui a coûté 250 000 € à réaliser.  Vous avez démarré la tâche suivante et atteignez une valeur acquise de 40 000 € et un SPI à date pour cette tâche de 0,8. Quelle est la valeur budgétée de la tâche courante ?",
      "feedback":"",
      "possibilities":[
         "240 000 €",
         "50 000 €",
         "40 000 €",
         "250 000 € "
      ]
   },
   {
      "question_id":34,
      "question_prequel":"Selon le Guide PMBOK, quel processus agrège l’estimation globale de coût des lots de travail ? ",
      "feedback":"",
      "possibilities":[
         "   Établir l’échéancier",
         "   Élaborer le plan du projet",
         "  Estimer les coûts",
         "Déterminer le budget "
      ]
   },
   {
      "question_id":35,
      "question_prequel":"Vous êtes un responsable de projet spécialisé dans l’estimation des coûts de construction pendant l’étude technique. Pendant la phase de démarrage, vous réalisez une estimation d’ordre de grandeur. Cette estimation est une estimation ",
      "feedback":"",
      "possibilities":[
         "Dans une fourchette de -25% à plus 75%",
         "De -10 à 15 %",
         "Conceptuelle ",
         "Définitive"
      ]
   },
   {
      "question_id":36,
      "question_prequel":"Jeannette doit définir les processus nécessaires à la Gestion des coûts du projet. Quels processus principaux devra-t-elle examiner ?",
      "feedback":"",
      "possibilities":[
         "Estimer les coûts, Déterminer le budget, Maîtriser les coûts",
         "Estimer les coûts, Planifier les coûts, Maîtriser les coûts ",
         "Estimation des coûts, Budgétisation, Maîtriser les coûts",
         "Estimer les coûts, Déterminer le budget, Maîtriser le budget"
      ]
   }
]